trend_factor,digital_inclusion_index,account_ratio,mobile_growth_pct,financial_growth_pct,mobile_money_share,financial_institution_share,year_x,actual,prediction,year_y,country
0.375,0.17571748900000003,0.009071230349356942,10.325701390764982,0.5982120580945818,0.3159289,34.8275689,2017,0.0,0.5417506609468016,2017,Ethiopia
0.0,0.30628735360000003,0.007614730617726708,0.0,0.0,0.46293402,60.7945367,2014,0.04261732,0.17629727383177318,2014,Romania
0.0,0.21278502315,0.04340325702715479,0.0,0.0,1.7702768299999998,40.7867278,2014,0.56248903,0.3945692012754515,2014,Guatemala
0.875,0.46830771749999994,0.11832419457268994,3.2599471148226833,0.16223831636665742,9.909851499999998,83.75169199999999,2021,0.5747855,0.40565790363261944,2021,Upper-middle-income countries
0.0,0.5679908850000001,1.0577313213325097,0.0,0.0,58.392633000000004,55.205544,2014,19.452291,18.60969927699401,2014,Kenya
0.0,0.237989361,0.014293171865643807,0.0,0.0,0.6707376,46.9271346,2014,0.0,0.29405967824231544,2014,Lebanon
0.875,0.26199962,0.2789675338990348,2.678754767288289,0.07019602192058216,11.429435999999999,40.970488,2021,4.124358,2.517990632282089,2021,Kyrgyzstan
0.375,0.22505804535,0.14226879590545916,1.442814483877278,-0.10793323253964004,5.60616507,39.405444,2017,0.26141107,1.651488904444065,2017,Nigeria
0.875,0.344948423,0.32045404533827154,0.7162703454520809,0.15262083046990504,16.7427436,52.24694100000001,2021,3.1007946,2.0339471039062014,2021,Armenia
0.875,0.5717229083,0.36069954123391057,1.7629763638123785,0.14767719976493532,30.31090766,84.033674,2021,0.36112666,1.2031803680932027,2021,Venezuela
0.375,0.16180124950000002,0.13812962895305136,2.7269996422478946,0.5079886473527506,3.9274167,28.4328332,2017,2.4291575,1.4264071636346185,2017,Nicaragua
0.0,0.415977072,0.20981184731088645,0.0,0.0,14.4281804,68.767234,2014,1.5502214,1.1261621056693933,2014,South Africa
0.0,0.29918207585,0.0523955017175793,0.0,0.0,2.9790691700000003,56.857346,2014,0.16897917,0.5461721174898583,2014,Venezuela
0.375,0.317157332,0.035946524817579845,0.0,0.0,2.2010217,61.2304447,2017,0.0,0.48856242825893653,2017,Georgia
0.0,0.24115508874999997,0.05803856674745205,0.0,0.0,2.64570615,45.5853116,2014,0.90690255,0.5193596367211163,2014,South Asia (WB)
0.875,0.5961597025,1.3576088947499587,-0.05858895371988049,-0.09233472337011683,68.658692,50.5732485,2021,28.621912,26.954748626340415,2021,Kenya
0.375,0.30314621932499997,0.05187747376782559,5.459170067043247,-0.051903716539055456,2.990169565,57.6390743,2017,0.112730265,0.6173651512708223,2017,Romania
0.875,0.6082320320000001,0.37131158030353767,0.0,0.0,32.9383344,88.708072,2021,1.0112524,1.1019573980666182,2021,Russia
0.0,0.10909738364,0.0012800752223537616,0.0,0.0,0.027894864,21.791581864,2014,0.0,0.246389246029094,2014,Ethiopia
0.0,0.31441902,1.263356885026122,0.0,0.0,35.10038,27.783424,2014,16.66373,21.662375783015726,2014,Uganda
0.875,0.50704789,0.5289695477331171,13.52057443570465,0.3841823262875279,35.084137999999996,66.32544,2021,5.301648,3.806028035514734,2021,Argentina
0.375,0.11730839000000001,0.3179111902834852,-0.5742987507073667,0.41776588072038545,5.6595088,17.8021692,2017,3.8696156,1.526023818510409,2017,Cambodia
0.875,0.5526165827,0.32263159433440014,4.574269494453948,0.19301098945736528,26.96012554,83.563191,2021,0.47255754,0.3200903515447216,2021,Brazil
0.375,0.1474820355,0.2682280369463059,2.142084388119391,0.39405707580092364,6.2384391,23.257967999999998,2017,2.8347821,2.0304658860086997,2017,Congo
0.0,0.23234080875,0.051953705740446436,0.0,0.0,2.29496145,44.1732003,2014,0.26878715,0.5761111219188928,2014,Nigeria
0.875,0.51003362815,0.1382091044386849,-0.5289753306463849,-0.04001761252905256,12.38635163,89.620374,2021,0.36429763,0.2957640841883606,2021,Iran
0.0,0.34997554,0.42140563936207404,0.0,0.0,20.751524,49.243584,2014,2.720985,5.042456265574372,2014,Botswana
0.0,0.12447929999999999,0.8784500330877223,0.0,0.0,11.6424545,13.2534055,2014,6.822635,7.090291302833089,2014,Mali
0.875,0.41029176749999996,0.17239519271750528,1.6321948092491745,0.10106000029115325,12.0662945,69.992059,2021,2.3774505,1.1074083658182805,2021,Middle-income countries
0.0,0.26503008,0.033367078751768905,0.0,0.0,1.7115466000000001,51.2944694,2014,0.2609372,0.3015552308247657,2014,Latin America and Caribbean (excluding high income) (WB)
0.875,0.1487475025,0.28278034194901597,0.6698198334798544,-0.184343605968891,6.5580783,23.191422199999998,2021,2.8413801,2.5750469289172293,2021,Nicaragua
0.875,0.25415949000000004,1.1287780997744452,0.8341385949048659,0.036019251433232036,26.953459000000002,23.878439,2021,15.110101,14.878649317337556,2021,Low-income countries
0.375,0.3407600365,0.07211375475581712,1.0675144828355365,0.12603846244725525,4.584119100000001,63.5678882,2017,1.2952149,1.2633807083920812,2017,Middle-income countries
0.0,0.0951248083,0.0800479666022268,0.0,0.0,1.41003876,17.6149229,2014,0.63653886,0.5224856570286899,2014,Togo
0.875,0.30235987,1.5420936280490678,1.0274149461555369,-0.25392448340518914,36.683718,23.788255999999997,2021,24.817276,24.655759448144867,2021,Benin
0.875,0.353025457,0.2549716694578293,4.4456641759784485,0.3334853504658166,14.3447844,56.260307,2021,1.2375534,1.839725705793742,2021,Peru
0.0,0.1394096444,0.022693614520191235,0.0,0.0,0.61870118,27.2632277,2014,0.16908348,0.3204968370753217,2014,Tunisia
0.875,0.2745016475,2.0293364366648046,4.8952951869001975,-0.22078792523921265,36.77744,18.1228895,2021,29.019268,27.1678904351959,2021,Congo
0.375,0.21002300699999998,0.5634406482651821,7.425798404535131,1.3669000870413854,15.1378307,26.8667707,2017,7.72402,6.409270764440314,2017,Cameroon
0.875,0.5292576904999999,0.17670512656016216,1.8249230720902796,0.0051529075750123,15.8956641,89.955874,2021,0.5704701,0.9320013784431014,2021,Mauritius
0.875,0.42515236,2.0861030679388954,0.3189634179531189,-0.18926066022907584,57.477772,27.552699999999998,2021,38.53727,29.663347741100306,2021,Gabon
0.875,0.451785145,1.4714188760303357,0.06356107521286547,0.11316312799987682,53.796238,36.560790999999995,2021,29.35322,27.974436715409404,2021,Uganda
0.0,0.4138400984,0.0009267814537372658,0.0,0.0,0.07663684,82.69138284,2014,0.0,-0.08971526496797078,2014,Sri Lanka
0.0,0.15916908989999998,0.09236513135822089,0.0,0.0,2.69171424,29.14210374,2014,1.8487155,1.4734356177254562,2014,Bangladesh
0.375,0.30481661000000004,0.8295502480682131,0.0,0.0,27.641842,33.32148,2017,12.242338,12.245673195606757,2017,Lesotho
0.375,0.115217184,0.2108331333532201,-0.3808437132805994,-0.06917571561266422,4.012377799999999,19.031059,2017,1.8414468,1.6264545074887362,2017,Mauritania
0.375,0.212757964,1.3439311152639155,1.0955761003832998,0.3697568824857882,24.3976494,18.1539434,2017,17.262735,17.511459359635893,2017,Mali
0.375,0.38006141400000004,0.032894552449442054,30.587421923972858,-0.11004605229068865,2.4207602,73.5915226,2017,0.0549376,-0.19491810260823045,2017,Sri Lanka
0.0,0.08252728250000001,0.22950371384399054,0.0,0.0,3.0809696,13.424486900000002,2014,0.9331107,1.282676202525714,2014,Burkina Faso
0.0,0.224807525,0.035894534776190895,0.0,0.0,1.5579504000000002,43.4035546,2014,0.2585858,0.46976981066298845,2014,Panama
0.375,0.53680146732,0.09761562534178989,0.5526578697966975,0.015149419943000897,9.548007464,97.812286,2017,0.118881464,0.44714565739428314,2017,Singapore
0.875,0.4045959375,0.19060145634443484,0.8195691498547732,0.32724632652344443,12.9542215,67.964966,2021,0.9204805,1.2683445849446637,2021,Bolivia
0.0,0.167261796,0.11345825018919217,0.0,0.0,3.4087009,30.0436583,2014,1.4427006,1.0327352322159058,2014,Honduras
